{"name":"AgendaAula","identifier":"TDQCUR0ZIG","description":null,"parentIntentSignature":null,"sampleUtterances":[{"utterance":"Oi"},{"utterance":"Olá"},{"utterance":"Bom dia"},{"utterance":"Boa tarde"},{"utterance":"Boa noite"}],"intentConfirmationSetting":{"isActive":true,"promptSpecification":{"messageGroupsList":[{"message":{"ssmlMessage":null,"customPayload":null,"plainTextMessage":{"value":"Ok, seu agendameto para {TipoDeClasse} de {AreaInteresse} está agendada para {ClassTime}. Por favor diga \"Confirmar\" para agendarmos, ou \"Cancelar\" para pararmos por aqui."},"imageResponseCard":null},"variations":null}],"maxRetries":4,"allowInterrupt":true},"declinationResponse":{"messageGroupsList":[{"message":{"ssmlMessage":null,"customPayload":null,"plainTextMessage":{"value":"Que pena! Esperamos que em breve você possa retornar :)"},"imageResponseCard":null},"variations":null}],"allowInterrupt":true}},"intentClosingSetting":{"isActive":true,"closingResponse":{"messageGroupsList":[{"message":{"ssmlMessage":null,"customPayload":null,"plainTextMessage":{"value":"Tudo ok!"},"imageResponseCard":null},"variations":null}],"allowInterrupt":true}},"inputContexts":null,"outputContexts":null,"kendraConfiguration":null,"dialogCodeHook":null,"fulfillmentCodeHook":{"postFulfillmentStatusSpecification":{"failureResponse":null,"successResponse":{"messageGroupsList":[{"message":{"ssmlMessage":null,"customPayload":null,"plainTextMessage":{"value":"Ótimo! Seu agendamento foi confirmado!"},"imageResponseCard":null},"variations":null}],"allowInterrupt":true},"timeoutResponse":null},"fulfillmentUpdatesSpecification":null,"enabled":false},"slotPriorities":[{"priority":3,"slotName":"TipoDeClasse"},{"priority":4,"slotName":"ClassTime"},{"priority":1,"slotName":"Nome"},{"priority":5,"slotName":"EmailAddress"},{"priority":2,"slotName":"AreaInteresse"}]}