{"name":"TipoDeClasse","identifier":"XDDJDWUQYL","description":null,"slotTypeValues":[{"synonyms":[{"value":"Live coding"},{"value":"live"},{"value":"lives"}],"sampleValue":{"value":"Live Coding"}},{"synonyms":[{"value":"Labs"},{"value":"Laboratórios"},{"value":"Laboratório"}],"sampleValue":{"value":"Labs"}},{"synonyms":[{"value":"Certificação"},{"value":"Curso"}],"sampleValue":{"value":"Cursos"}}],"parentSlotTypeSignature":null,"valueSelectionSetting":{"resolutionStrategy":"TOP_RESOLUTION","regexFilter":null}}