{"name":"AreaInteresse","identifier":"OMHRCWUNI5","description":null,"slotTypeName":"AreaInteresse","obfuscationSetting":null,"valueElicitationSetting":{"promptSpecification":{"messageGroupsList":[{"message":{"ssmlMessage":null,"customPayload":null,"plainTextMessage":{"value":"Bem vindo {Nome}! Vou te ajudar para encontrar o curso de seu interesse! Me diga qual sua área de interesse: Inteligência Artificial, Desenvolvimento WEB e Frontend"},"imageResponseCard":null},"variations":null}],"maxRetries":4,"allowInterrupt":true},"slotConstraint":"Required","defaultValueSpecification":null,"sampleUtterances":null,"waitAndContinueSpecification":null},"multipleValuesSetting":null}