{"name":"ClassTime","identifier":"IA18BLBECY","description":null,"slotTypeName":"AMAZON.Time","obfuscationSetting":null,"valueElicitationSetting":{"promptSpecification":{"messageGroupsList":[{"message":{"ssmlMessage":null,"customPayload":null,"plainTextMessage":{"value":"Ótimo, {Nome}!Em qual horário você gostaria de iniciar sua {TipoDeClasse} de {AreaInteresse}"},"imageResponseCard":null},"variations":null},{"message":{"ssmlMessage":null,"customPayload":null,"plainTextMessage":null,"imageResponseCard":{"title":"Escolha seu horário preferido.","buttonsList":[{"value":"9 AM","text":"09:00"},{"value":"10 AM","text":"10:00"},{"value":"3 PM","text":"15:00"},{"value":"4 PM","text":"16:00"}],"subtitle":null,"imageUrl":null}},"variations":null}],"maxRetries":4,"allowInterrupt":true},"slotConstraint":"Required","defaultValueSpecification":null,"sampleUtterances":null,"waitAndContinueSpecification":null},"multipleValuesSetting":null}