{"name":"AreaInteresse","identifier":"JWM3TEQRZP","description":null,"slotTypeValues":[{"synonyms":[{"value":"AI"},{"value":"IA"},{"value":"Machine Learning"},{"value":"Deep Leearning"},{"value":"ML"}],"sampleValue":{"value":"Inteligência Artificial"}},{"synonyms":[{"value":"PHP"},{"value":"AWS"},{"value":"NodeJS"},{"value":"Python"},{"value":"Javascript"}],"sampleValue":{"value":"Desenvolvimento WEB"}},{"synonyms":[{"value":"CSS"},{"value":"HTML"},{"value":"React"},{"value":"Angular"},{"value":"Vue"}],"sampleValue":{"value":"FrontEd"}}],"parentSlotTypeSignature":null,"valueSelectionSetting":{"resolutionStrategy":"TOP_RESOLUTION","regexFilter":null}}