{"name":"TipoDeClasse","identifier":"GOJPB5UOZS","description":null,"slotTypeName":"TipoDeClasse","obfuscationSetting":null,"valueElicitationSetting":{"promptSpecification":{"messageGroupsList":[{"message":{"ssmlMessage":null,"customPayload":null,"plainTextMessage":{"value":"Ótimo! {AreaInteresse} é uma excelente escolha! Me diga agora qual tipo de aula voceê prefere. Escolha uma das opções abaixo: Curso, Live Coding ou Labs"},"imageResponseCard":null},"variations":null}],"maxRetries":4,"allowInterrupt":true},"slotConstraint":"Required","defaultValueSpecification":null,"sampleUtterances":null,"waitAndContinueSpecification":null},"multipleValuesSetting":null}